CustomerID,Country,Label
12346.0,35,3
12347.0,16,1
12348.0,12,0
12349.0,18,0
12350.0,24,3
12352.0,24,0
12353.0,2,3
12354.0,30,3
12355.0,2,0
12356.0,26,0
12357.0,32,1
12358.0,1,0
12359.0,7,1
12360.0,1,0
12361.0,3,3
12362.0,3,1
12364.0,3,0
12365.0,7,3
12367.0,9,3
12370.0,7,0
12371.0,32,0
12372.0,9,0
12373.0,1,3
12374.0,1,0
12375.0,12,0
12377.0,32,3
12378.0,32,3
12379.0,3,0
12380.0,3,0
12381.0,24,0
12383.0,3,0
12384.0,32,0
12386.0,0,3
12388.0,0,0
12390.0,3,0
12391.0,7,0
12393.0,0,0
12394.0,3,0
12395.0,3,0
12397.0,3,0
12398.0,32,0
12399.0,3,0
12401.0,3,0
12402.0,3,3
12403.0,9,0
12405.0,12,0
12406.0,9,0
12407.0,3,0
12408.0,3,0
12409.0,32,1
12410.0,32,0
12412.0,9,0
12413.0,13,0
12414.0,1,3
12415.0,0,2
12417.0,3,1
12418.0,32,0
12420.0,7,0
12421.0,30,0
12422.0,0,3
12423.0,3,0
12424.0,0,0
12425.0,26,0
12426.0,14,3
12427.0,14,0
12428.0,12,1
12429.0,9,0
12430.0,24,0
12431.0,0,1
12432.0,24,0
12433.0,24,2
12434.0,0,0
12435.0,9,0
12436.0,24,3
12437.0,13,1
12438.0,24,0
12441.0,13,3
12442.0,30,3
12444.0,24,1
12445.0,30,0
12446.0,27,0
12447.0,3,0
12448.0,30,0
12449.0,3,1
12450.0,30,3
12451.0,32,1
12452.0,32,0
12453.0,1,0
12454.0,30,0
12455.0,30,0
12456.0,32,0
12457.0,32,0
12458.0,32,0
12461.0,32,0
12462.0,30,0
12463.0,3,0
12464.0,3,0
12465.0,3,0
12468.0,14,0
12471.0,14,2
12472.0,14,1
12473.0,14,0
12474.0,14,1
12475.0,14,0
12476.0,14,1
12477.0,14,2
12478.0,15,3
12479.0,14,0
12480.0,14,0
12481.0,14,1
12483.0,31,0
12484.0,30,1
12488.0,13,0
12489.0,13,3
12490.0,13,1
12491.0,13,3
12492.0,14,0
12493.0,13,3
12494.0,13,0
12497.0,14,0
12498.0,14,0
12500.0,14,0
12501.0,14,0
12502.0,30,0
12503.0,30,3
12504.0,14,0
12505.0,18,0
12506.0,13,3
12507.0,30,0
12508.0,13,0
12509.0,13,3
12510.0,30,0
12512.0,17,3
12513.0,13,0
12514.0,18,3
12515.0,18,3
12516.0,14,0
12517.0,14,1
12518.0,14,0
12519.0,14,0
12520.0,14,0
12521.0,14,0
12522.0,14,0
12523.0,13,0
12524.0,14,0
12526.0,14,0
12527.0,14,0
12528.0,14,0
12530.0,14,0
12531.0,14,0
12532.0,13,0
12534.0,14,3
12535.0,13,0
12536.0,13,1
12538.0,30,0
12539.0,30,1
12540.0,30,2
12541.0,30,0
12544.0,30,0
12545.0,30,0
12546.0,30,0
12547.0,30,3
12548.0,30,3
12550.0,30,0
12551.0,30,3
12552.0,18,0
12553.0,13,1
12556.0,30,0
12557.0,30,1
12558.0,33,0
12559.0,14,3
12560.0,14,0
12561.0,14,0
12562.0,13,1
12564.0,13,3
12565.0,28,3
12566.0,14,0
12567.0,13,1
12569.0,14,1
12571.0,13,0
12572.0,14,0
12573.0,13,3
12574.0,13,3
12576.0,25,0
12577.0,13,3
12578.0,18,0
12579.0,13,0
12580.0,14,3
12581.0,14,0
12582.0,12,3
12583.0,13,1
12584.0,18,0
12585.0,14,3
12586.0,18,0
12587.0,12,3
12588.0,12,0
12589.0,13,0
12590.0,14,1
12591.0,18,3
12592.0,14,0
12593.0,13,0
12594.0,18,0
12596.0,30,0
12597.0,30,1
12598.0,13,0
12599.0,13,0
12600.0,14,0
12601.0,14,0
12602.0,13,0
12603.0,14,0
12604.0,13,0
12605.0,14,3
12607.0,33,0
12609.0,14,0
12610.0,18,0
12611.0,18,0
12612.0,14,0
12613.0,14,0
12614.0,14,3
12615.0,13,0
12616.0,13,0
12617.0,13,0
12618.0,18,0
12619.0,14,0
12620.0,13,0
12621.0,14,2
12622.0,14,3
12623.0,14,0
12624.0,13,0
12625.0,14,0
12626.0,14,1
12627.0,14,1
12628.0,14,0
12630.0,12,0
12631.0,12,0
12633.0,14,0
12635.0,14,0
12637.0,13,1
12638.0,31,3
12639.0,31,3
12640.0,13,0
12641.0,31,0
12642.0,14,0
12643.0,13,0
12644.0,14,3
12645.0,14,0
12646.0,33,0
12647.0,14,0
12648.0,14,0
12649.0,14,0
12650.0,13,3
12651.0,13,0
12652.0,13,0
12653.0,17,0
12654.0,14,0
12656.0,13,0
12657.0,13,0
12658.0,14,0
12659.0,13,0
12660.0,13,0
12662.0,14,1
12664.0,12,0
12665.0,14,0
12666.0,17,3
12667.0,12,0
12668.0,14,0
12669.0,13,0
12670.0,13,0
12672.0,13,3
12673.0,14,3
12674.0,13,0
12676.0,31,0
12678.0,13,2
12679.0,13,0
12680.0,13,0
12681.0,13,2
12682.0,13,1
12683.0,13,1
12684.0,13,0
12685.0,13,0
12686.0,13,3
12688.0,17,1
12689.0,13,0
12690.0,13,3
12691.0,13,0
12693.0,14,0
12694.0,13,0
12695.0,13,0
12697.0,31,0
12700.0,13,1
12701.0,14,0
12702.0,14,0
12703.0,14,0
12704.0,12,0
12705.0,14,1
12707.0,13,3
12708.0,14,0
12709.0,14,1
12710.0,14,3
12712.0,14,0
12713.0,14,0
12714.0,13,1
12715.0,31,0
12716.0,13,0
12717.0,15,0
12718.0,13,0
12719.0,13,0
12720.0,14,1
12721.0,13,0
12722.0,13,0
12723.0,13,0
12724.0,13,0
12725.0,18,3
12726.0,13,0
12727.0,13,0
12728.0,13,0
12729.0,13,0
12731.0,13,2
12732.0,13,3
12733.0,33,3
12734.0,13,3
12735.0,13,3
12736.0,13,0
12738.0,14,3
12739.0,34,0
12740.0,13,0
12744.0,29,1
12747.0,35,0
12748.0,35,1
12749.0,35,1
12750.0,25,3
12752.0,24,0
12753.0,19,2
12754.0,19,0
12755.0,19,0
12756.0,19,0
12757.0,26,1
12758.0,26,0
12759.0,23,0
12762.0,26,0
12763.0,19,0
12764.0,20,3
12766.0,26,1
12769.0,4,3
12770.0,19,3
12772.0,26,0
12775.0,23,0
12778.0,23,0
12779.0,25,0
12781.0,8,0
12782.0,26,0
12783.0,26,0
12784.0,26,0
12785.0,26,0
12787.0,23,0
12789.0,23,3
12790.0,23,3
12791.0,23,3
12792.0,26,3
12793.0,26,0
12794.0,26,0
12795.0,26,0
12797.0,26,3
12798.0,19,0
12802.0,23,0
12808.0,26,0
12809.0,26,3
12811.0,26,3
12812.0,19,0
12814.0,25,0
12815.0,25,0
12816.0,25,3
12817.0,1,3
12818.0,1,3
12820.0,35,0
12821.0,35,0
12822.0,35,0
12823.0,35,0
12824.0,35,0
12826.0,35,0
12827.0,35,0
12828.0,35,0
12829.0,35,3
12830.0,35,0
12831.0,35,3
12832.0,35,0
12833.0,35,0
12834.0,35,3
12836.0,35,0
12837.0,35,3
12838.0,35,3
12839.0,35,1
12840.0,35,0
12841.0,35,1
12842.0,35,0
12843.0,35,0
12844.0,35,0
12845.0,35,3
12847.0,35,0
12849.0,35,0
12851.0,35,3
12852.0,35,3
12853.0,35,0
12854.0,35,0
12855.0,35,3
12856.0,35,1
12857.0,35,0
12863.0,35,0
12864.0,35,0
12865.0,1,0
12866.0,3,3
12867.0,35,1
12868.0,35,0
12870.0,35,3
12871.0,35,0
12872.0,35,3
12873.0,35,3
12875.0,35,0
12876.0,3,0
12877.0,35,0
12878.0,35,0
12879.0,35,0
12881.0,35,0
12882.0,35,0
12883.0,35,0
12884.0,35,0
12885.0,35,0
12886.0,35,0
12888.0,35,0
12890.0,35,0
12891.0,35,3
12893.0,35,0
12895.0,35,0
12897.0,35,0
12901.0,35,2
12902.0,35,3
12904.0,35,0
12906.0,35,0
12908.0,35,0
12909.0,35,0
12910.0,35,0
12912.0,35,0
12913.0,35,0
12915.0,35,0
12916.0,35,0
12917.0,35,3
12919.0,35,0
12920.0,35,0
12921.0,35,2
12922.0,35,3
12923.0,35,3
12924.0,35,0
12925.0,35,0
12928.0,35,0
12929.0,35,0
12930.0,35,0
12931.0,35,2
12933.0,35,0
12935.0,35,0
12936.0,35,0
12937.0,35,0
12938.0,35,0
12939.0,35,1
12940.0,35,0
12942.0,35,0
12943.0,35,0
12944.0,35,3
12945.0,35,3
12947.0,35,0
12948.0,35,0
12949.0,35,1
12950.0,35,0
12951.0,35,0
12952.0,35,0
12953.0,35,0
12955.0,35,1
12956.0,35,3
12957.0,35,1
12962.0,35,0
12963.0,35,0
12965.0,35,0
12966.0,35,0
12967.0,35,0
12968.0,35,0
12970.0,35,3
12971.0,35,1
12974.0,35,3
12976.0,35,0
12977.0,35,3
12980.0,35,0
12981.0,35,0
12982.0,35,0
12984.0,35,0
12985.0,35,0
12987.0,35,0
12988.0,35,3
12989.0,35,0
12990.0,35,0
12991.0,35,0
12993.0,35,0
12994.0,35,0
12995.0,35,0
12997.0,35,0
12999.0,35,0
13000.0,35,0
13001.0,35,1
13002.0,35,3
13003.0,35,0
13004.0,35,1
13005.0,35,0
13006.0,35,0
13008.0,35,3
13011.0,35,3
13012.0,35,0
13013.0,35,1
13014.0,35,0
13015.0,35,0
13016.0,35,0
13017.0,35,3
13018.0,35,1
13021.0,35,0
13023.0,35,3
13026.0,35,0
13027.0,35,0
13028.0,35,0
13029.0,35,0
13030.0,35,0
13032.0,35,0
13033.0,35,3
13034.0,35,0
13035.0,35,0
13037.0,35,0
13038.0,35,0
13040.0,35,3
13043.0,35,0
13044.0,35,3
13045.0,35,3
13046.0,35,0
13047.0,35,0
13048.0,35,0
13049.0,35,3
13050.0,35,1
13052.0,35,0
13055.0,35,0
13058.0,35,0
13059.0,35,3
13060.0,35,3
13061.0,35,0
13062.0,35,3
13064.0,35,0
13065.0,35,3
13066.0,35,0
13067.0,35,0
13068.0,35,0
13069.0,35,1
13070.0,35,3
13072.0,35,3
13075.0,35,3
13077.0,35,0
13078.0,35,1
13079.0,35,0
13080.0,35,3
13081.0,35,2
13082.0,35,0
13083.0,35,0
13085.0,35,3
13089.0,35,0
13090.0,35,1
13091.0,35,0
13092.0,35,0
13093.0,35,1
13094.0,35,0
13095.0,35,0
13097.0,35,1
13098.0,35,2
13099.0,35,3
13101.0,35,3
13102.0,35,1
13103.0,35,0
13104.0,35,0
13106.0,35,0
13107.0,35,0
13108.0,35,3
13109.0,35,0
13110.0,35,0
13113.0,35,1
13115.0,35,0
13116.0,35,0
13117.0,35,0
13118.0,35,0
13120.0,35,3
13121.0,35,3
13122.0,35,3
13124.0,35,1
13126.0,35,0
13127.0,35,0
13130.0,35,3
13131.0,35,0
13132.0,35,3
13133.0,35,0
13134.0,35,0
13135.0,35,3
13136.0,35,0
13137.0,35,1
13138.0,35,0
13139.0,35,1
13140.0,35,0
13141.0,35,0
13142.0,35,0
13144.0,35,0
13145.0,35,0
13146.0,35,0
13147.0,35,0
13148.0,35,1
13149.0,35,0
13151.0,35,3
13153.0,35,3
13154.0,35,0
13155.0,35,0
13157.0,35,0
13158.0,35,0
13159.0,35,0
13160.0,35,0
13161.0,35,3
13162.0,35,0
13165.0,35,0
13166.0,35,3
13167.0,35,0
13168.0,35,3
13169.0,35,0
13170.0,35,0
13171.0,35,0
13173.0,35,3
13174.0,35,1
13176.0,35,0
13177.0,35,3
13178.0,35,1
13182.0,35,0
13183.0,35,0
13184.0,35,0
13185.0,35,3
13186.0,35,0
13187.0,35,3
13188.0,35,0
13189.0,35,0
13192.0,35,3
13193.0,35,0
13194.0,35,0
13196.0,35,0
13198.0,35,1
13199.0,35,1
13200.0,35,0
13203.0,35,0
13207.0,35,0
13208.0,35,0
13209.0,35,1
13210.0,35,0
13211.0,35,0
13212.0,35,0
13213.0,35,0
13216.0,35,3
13217.0,35,0
13218.0,35,3
13220.0,35,0
13221.0,35,3
13223.0,35,3
13224.0,35,0
13225.0,35,0
13226.0,35,0
13227.0,35,3
13228.0,35,0
13229.0,35,3
13230.0,35,1
13232.0,35,0
13233.0,35,0
13235.0,35,0
13236.0,35,0
13238.0,35,0
13239.0,35,3
13240.0,35,3
13242.0,35,0
13243.0,35,3
13244.0,35,0
13245.0,35,0
13246.0,35,0
13247.0,35,0
13248.0,35,0
13249.0,35,0
13253.0,35,3
13255.0,35,0
13256.0,35,0
13258.0,35,0
13259.0,35,0
13260.0,35,0
13261.0,35,3
13262.0,35,3
13263.0,35,0
13265.0,35,0
13266.0,35,1
13267.0,35,1
13268.0,35,1
13269.0,35,1
13270.0,35,3
13271.0,35,3
13272.0,35,0
13273.0,35,0
13276.0,35,0
13277.0,35,0
13278.0,35,0
13279.0,35,0
13280.0,35,0
13282.0,35,0
13283.0,35,0
13284.0,35,3
13285.0,35,0
13291.0,35,0
13292.0,35,3
13294.0,35,3
13295.0,35,3
13296.0,35,0
13297.0,35,0
13298.0,35,0
13299.0,35,3
13300.0,35,3
13301.0,35,0
13302.0,35,3
13304.0,35,3
13305.0,35,0
13307.0,35,0
13308.0,35,0
13309.0,35,0
13310.0,35,0
13311.0,35,0
13313.0,35,0
13314.0,35,0
13316.0,35,0
13317.0,35,0
13318.0,35,0
13319.0,35,1
13320.0,35,0
13321.0,35,0
13322.0,35,0
13323.0,35,0
13324.0,35,0
13325.0,35,0
13327.0,35,0
13328.0,35,3
13329.0,35,0
13330.0,35,0
13332.0,35,0
13334.0,35,1
13336.0,35,0
13338.0,35,0
13339.0,35,3
13340.0,35,1
13341.0,35,3
13343.0,35,3
13344.0,35,0
13345.0,35,0
13347.0,35,0
13348.0,35,3
13349.0,35,0
13350.0,35,0
13351.0,35,3
13352.0,35,0
13354.0,35,0
13355.0,35,0
13356.0,35,0
13357.0,35,3
13358.0,35,3
13359.0,35,0
13362.0,35,0
13363.0,35,0
13364.0,35,0
13365.0,35,3
13366.0,35,0
13368.0,35,3
13369.0,35,3
13370.0,35,3
13372.0,35,0
13373.0,35,0
13375.0,35,0
13376.0,35,3
13379.0,35,0
13381.0,35,0
13382.0,35,3
13384.0,35,0
13385.0,35,3
13388.0,35,0
13389.0,35,0
13390.0,35,0
13391.0,35,3
13394.0,35,0
13395.0,35,0
13396.0,35,0
13397.0,35,0
13398.0,35,3
13402.0,35,3
13403.0,35,0
13404.0,35,0
13405.0,35,0
13408.0,35,2
13410.0,35,0
13411.0,35,0
13414.0,35,0
13416.0,35,0
13417.0,35,3
13418.0,35,1
13419.0,35,0
13420.0,35,0
13421.0,35,0
13422.0,35,0
13425.0,35,0
13426.0,35,0
13427.0,35,0
13428.0,35,0
13429.0,35,0
13430.0,35,0
13431.0,35,0
13434.0,35,0
13435.0,35,0
13436.0,35,0
13437.0,35,0
13439.0,35,3
13441.0,35,0
13447.0,35,0
13448.0,35,1
13449.0,35,0
13450.0,35,0
13451.0,35,1
13452.0,35,3
13453.0,35,3
13455.0,35,0
13456.0,35,0
13458.0,35,1
13460.0,35,0
13461.0,35,0
13462.0,35,0
13464.0,35,0
13466.0,35,0
13467.0,35,0
13468.0,35,1
13470.0,35,0
13471.0,35,1
13473.0,35,0
13474.0,35,3
13475.0,35,3
13476.0,35,0
13477.0,35,0
13479.0,35,3
13481.0,35,0
13482.0,35,3
13483.0,35,3
13484.0,35,0
13485.0,35,3
13486.0,35,0
13487.0,35,0
13488.0,35,1
13489.0,35,0
13491.0,35,0
13492.0,32,0
13493.0,32,0
13494.0,35,3
13495.0,35,3
13496.0,35,0
13497.0,35,3
13499.0,35,0
13500.0,35,0
13501.0,32,0
13502.0,35,0
13503.0,35,0
13504.0,35,3
13505.0,32,1
13506.0,35,3
13507.0,35,0
13508.0,35,0
13509.0,35,0
13510.0,35,0
13512.0,35,3
13513.0,35,3
13514.0,35,0
13515.0,35,0
13516.0,35,0
13517.0,35,0
13518.0,35,0
13519.0,35,0
13520.0,32,0
13521.0,35,1
13522.0,35,0
13523.0,35,0
13524.0,35,0
13525.0,35,0
13527.0,35,1
13529.0,35,0
13531.0,35,3
13532.0,35,3
13533.0,35,0
13534.0,35,1
13536.0,35,1
13538.0,35,0
13539.0,35,0
13544.0,35,0
13546.0,35,0
13548.0,35,0
13549.0,35,0
13551.0,35,3
13552.0,35,0
13555.0,35,0
13557.0,35,0
13558.0,35,0
13560.0,35,3
13561.0,35,0
13562.0,35,0
13563.0,35,0
13564.0,35,0
13565.0,35,0
13566.0,35,0
13568.0,35,3
13569.0,35,0
13570.0,35,0
13571.0,35,1
13572.0,35,3
13573.0,35,0
13575.0,35,0
13576.0,35,1
13577.0,35,0
13579.0,35,0
13581.0,35,3
13583.0,35,0
13584.0,35,3
13587.0,35,0
13588.0,35,0
13589.0,35,0
13590.0,35,0
13591.0,35,3
13592.0,35,0
13593.0,35,0
13594.0,35,0
13596.0,35,0
13598.0,35,0
13599.0,35,1
13600.0,35,3
13601.0,35,0
13602.0,35,3
13603.0,35,0
13606.0,35,0
13607.0,35,0
13610.0,35,0
13611.0,35,0
13614.0,35,0
13615.0,35,3
13617.0,35,0
13618.0,35,3
13621.0,35,0
13623.0,35,0
13626.0,35,3
13627.0,35,0
13629.0,35,0
13630.0,35,0
13631.0,35,0
13632.0,35,0
13634.0,35,0
13635.0,35,3
13636.0,35,0
13637.0,35,0
13638.0,35,0
13639.0,35,0
13642.0,35,0
13643.0,35,0
13644.0,35,0
13645.0,35,0
13647.0,35,0
13649.0,35,3
13650.0,35,0
13651.0,35,0
13652.0,35,0
13654.0,35,0
13655.0,35,0
13656.0,35,3
13657.0,35,0
13658.0,35,0
13659.0,35,3
13662.0,35,0
13663.0,35,3
13666.0,35,0
13667.0,35,0
13668.0,35,1
13669.0,35,0
13670.0,35,0
13672.0,35,0
13673.0,35,0
13675.0,35,0
13678.0,35,0
13680.0,35,0
13681.0,35,0
13682.0,35,3
13684.0,35,3
13685.0,35,0
13686.0,35,0
13689.0,35,0
13690.0,35,0
13692.0,35,0
13693.0,35,3
13694.0,35,0
13695.0,35,0
13697.0,35,3
13699.0,35,0
13700.0,35,0
13703.0,35,3
13704.0,35,0
13705.0,35,0
13706.0,35,0
13707.0,35,3
13708.0,35,3
13709.0,35,1
13710.0,35,0
13711.0,35,3
13712.0,35,3
13715.0,35,3
13716.0,35,3
13717.0,35,0
13718.0,35,3
13719.0,35,0
13720.0,35,0
13721.0,35,3
13722.0,35,0
13723.0,35,3
13725.0,35,0
13726.0,35,0
13727.0,35,0
13728.0,35,0
13730.0,35,0
13731.0,35,0
13732.0,35,0
13735.0,35,0
13736.0,35,3
13737.0,35,3
13739.0,35,0
13740.0,35,3
13741.0,35,0
13742.0,35,1
13743.0,35,0
13744.0,35,3
13745.0,35,0
13747.0,35,3
13748.0,35,0
13750.0,35,0
13751.0,35,3
13752.0,35,0
13753.0,35,3
13754.0,35,0
13755.0,35,1
13756.0,35,1
13758.0,35,0
13759.0,35,0
13760.0,35,0
13761.0,35,0
13762.0,35,3
13763.0,35,0
13764.0,35,0
13767.0,35,2
13769.0,35,0
13771.0,35,0
13772.0,35,0
13774.0,35,0
13777.0,35,2
13778.0,35,0
13780.0,35,3
13781.0,35,3
13782.0,35,0
13784.0,35,0
13786.0,35,3
13787.0,35,0
13790.0,35,3
13791.0,35,0
13792.0,35,3
13798.0,35,2
13799.0,35,0
13800.0,35,3
13801.0,35,3
13802.0,35,0
13803.0,35,3
13804.0,35,0
13805.0,35,0
13806.0,35,0
13807.0,35,3
13808.0,35,0
13809.0,7,3
13810.0,14,0
13811.0,14,0
13812.0,14,0
13813.0,14,0
13814.0,14,0
13815.0,14,1
13816.0,14,0
13817.0,14,0
13819.0,35,0
13821.0,35,0
13822.0,35,0
13823.0,35,0
13824.0,35,0
13826.0,35,3
13827.0,35,0
13828.0,35,0
13829.0,35,3
13831.0,35,0
13832.0,35,0
13833.0,35,3
13835.0,35,0
13837.0,35,0
13838.0,35,0
13841.0,35,3
13842.0,35,1
13844.0,35,0
13845.0,35,3
13846.0,35,0
13848.0,35,0
13849.0,35,0
13850.0,35,0
13851.0,35,3
13853.0,35,0
13854.0,35,1
13856.0,35,0
13858.0,35,0
13859.0,35,3
13860.0,35,0
13862.0,35,0
13863.0,35,0
13865.0,35,0
13866.0,35,0
13867.0,35,0
13868.0,35,3
13869.0,35,1
13870.0,35,0
13871.0,35,1
13873.0,35,0
13874.0,35,3
13875.0,35,0
13876.0,35,0
13877.0,35,0
13878.0,35,0
13880.0,35,0
13881.0,35,2
13882.0,35,0
13883.0,35,0
13884.0,35,0
13885.0,35,3
13886.0,35,0
13887.0,35,3
13888.0,35,0
13889.0,35,0
13890.0,35,0
13892.0,35,0
13893.0,35,3
13894.0,35,0
13895.0,35,0
13897.0,35,0
13898.0,35,3
13899.0,35,0
13900.0,35,0
13901.0,35,0
13904.0,35,3
13908.0,35,0
13911.0,35,0
13914.0,35,0
13917.0,35,0
13918.0,35,0
13919.0,9,0
13922.0,35,3
13923.0,35,0
13924.0,35,0
13925.0,35,0
13926.0,35,0
13927.0,35,0
13928.0,35,0
13929.0,35,3
13930.0,35,0
13931.0,35,0
13932.0,35,3
13933.0,35,0
13934.0,35,3
13936.0,35,3
13937.0,35,3
13938.0,35,3
13939.0,35,0
13940.0,35,0
13941.0,35,0
13946.0,35,0
13947.0,35,3
13948.0,35,3
13949.0,35,0
13950.0,35,0
13951.0,35,3
13952.0,35,0
13953.0,35,0
13954.0,35,0
13955.0,35,0
13956.0,35,0
13958.0,35,3
13959.0,35,0
13960.0,35,0
13962.0,35,0
13963.0,35,3
13967.0,35,0
13969.0,35,1
13971.0,35,0
13972.0,35,0
13973.0,35,3
13974.0,35,0
13975.0,35,1
13976.0,35,3
13978.0,35,0
13979.0,35,0
13980.0,35,0
13982.0,35,0
13983.0,35,0
13984.0,35,0
13985.0,35,1
13986.0,35,0
13988.0,35,1
13989.0,35,3
13990.0,35,0
13991.0,35,0
13992.0,35,0
13993.0,35,0
13994.0,35,0
13995.0,35,0
13999.0,35,1
14000.0,35,0
14001.0,35,0
14002.0,35,0
14004.0,35,1
14005.0,35,0
14006.0,35,0
14009.0,35,3
14012.0,35,3
14013.0,35,0
14014.0,35,0
14015.0,35,0
14016.0,10,0
14019.0,35,0
14020.0,35,0
14021.0,35,0
14022.0,35,3
14023.0,35,3
14024.0,35,0
14027.0,35,0
14029.0,35,0
14030.0,35,1
14031.0,35,2
14032.0,35,0
14034.0,35,0
14035.0,35,0
14036.0,35,3
14037.0,35,3
14038.0,35,0
14039.0,35,3
14040.0,35,1
14041.0,35,3
14044.0,35,0
14045.0,35,0
14046.0,35,3
14047.0,35,0
14048.0,35,0
14049.0,35,1
14050.0,35,0
14051.0,35,2
14052.0,35,0
14053.0,35,3
14054.0,35,3
14055.0,35,0
14056.0,35,1
14057.0,35,1
14059.0,35,3
14060.0,35,1
14062.0,35,1
14064.0,35,0
14066.0,35,3
14067.0,35,0
14068.0,35,3
14071.0,35,1
14073.0,35,0
14075.0,35,0
14076.0,35,3
14077.0,35,0
14078.0,35,0
14079.0,35,0
14080.0,35,0
14081.0,35,0
14082.0,35,3
14083.0,35,0
14085.0,35,1
14087.0,35,0
14088.0,35,0
14089.0,35,0
14090.0,35,3
14092.0,35,1
14093.0,35,0
14096.0,35,1
14098.0,35,3
14099.0,35,1
14100.0,35,0
14101.0,35,0
14102.0,35,0
14104.0,35,0
14105.0,35,0
14107.0,35,0
14108.0,35,0
14109.0,35,0
14110.0,35,1
14111.0,35,0
14112.0,35,0
14113.0,35,0
14114.0,35,0
14116.0,35,0
14117.0,35,0
14119.0,35,3
14121.0,35,0
14124.0,35,0
14125.0,35,0
14126.0,35,0
14127.0,35,0
14128.0,35,0
14129.0,35,0
14130.0,35,3
14132.0,35,1
14133.0,35,0
14135.0,35,0
14138.0,35,0
14139.0,35,0
14140.0,35,0
14141.0,35,0
14142.0,35,3
14143.0,35,0
14145.0,35,0
14146.0,35,0
14147.0,35,0
14148.0,35,3
14149.0,35,0
14150.0,35,3
14152.0,35,0
14154.0,35,3
14155.0,35,3
14156.0,10,2
14157.0,35,0
14158.0,35,0
14159.0,35,1
14161.0,35,0
14162.0,35,3
14163.0,35,0
14164.0,35,0
14165.0,35,0
14167.0,35,0
14171.0,35,3
14173.0,35,0
14174.0,35,3
14175.0,35,0
14176.0,35,3
14177.0,35,0
14178.0,35,1
14179.0,35,0
14180.0,35,1
14184.0,35,3
14185.0,35,0
14188.0,35,0
14189.0,35,1
14191.0,35,1
14193.0,35,3
14194.0,35,1
14195.0,35,3
14196.0,35,0
14198.0,35,0
14199.0,35,3
14201.0,35,0
14204.0,35,0
14205.0,35,0
14206.0,35,3
14208.0,35,3
14209.0,35,0
14210.0,35,0
14211.0,35,0
14212.0,35,0
14213.0,35,3
14214.0,35,0
14215.0,35,0
14216.0,35,0
14217.0,35,0
14218.0,35,0
14219.0,35,3
14220.0,35,3
14221.0,35,1
14222.0,35,3
14223.0,35,0
14224.0,35,0
14226.0,35,0
14227.0,35,0
14229.0,35,0
14231.0,35,0
14232.0,35,0
14233.0,35,0
14234.0,35,0
14235.0,35,0
14236.0,35,0
14237.0,35,3
14238.0,35,3
14239.0,35,0
14240.0,35,0
14241.0,35,0
14242.0,35,3
14243.0,35,0
14245.0,35,3
14246.0,35,0
14247.0,35,3
14248.0,35,3
14250.0,35,0
14251.0,35,0
14256.0,35,3
14257.0,35,0
14258.0,35,1
14259.0,35,0
14261.0,35,0
14262.0,35,0
14264.0,35,0
14267.0,35,0
14270.0,35,0
14271.0,35,3
14272.0,35,0
14273.0,35,0
14276.0,35,0
14277.0,13,1
14280.0,35,3
14282.0,35,0
14284.0,35,0
14285.0,35,0
14286.0,35,1
14287.0,35,0
14288.0,35,0
14289.0,35,0
14290.0,35,0
14291.0,35,1
14292.0,35,0
14293.0,35,0
14295.0,35,0
14297.0,35,0
14298.0,35,0
14299.0,35,0
14300.0,35,0
14301.0,35,0
14304.0,35,0
14305.0,35,0
14306.0,35,0
14307.0,35,0
14309.0,35,0
14311.0,35,0
14312.0,35,0
14314.0,35,0
14315.0,35,0
14317.0,35,3
14320.0,35,0
14321.0,35,0
14323.0,35,0
14326.0,35,0
14327.0,35,3
14329.0,35,1
14331.0,35,0
14332.0,35,0
14333.0,35,3
14334.0,35,0
14335.0,14,0
14336.0,35,0
14338.0,35,3
14339.0,35,0
14340.0,35,3
14341.0,35,0
14342.0,35,0
14344.0,35,0
14345.0,35,3
14346.0,35,0
14348.0,35,3
14349.0,35,0
14350.0,35,0
14351.0,35,3
14352.0,35,0
14353.0,35,0
14354.0,35,0
14355.0,35,3
14356.0,35,0
14357.0,35,0
14359.0,35,0
14360.0,35,0
14362.0,35,0
14364.0,35,0
14367.0,35,1
14368.0,35,3
14371.0,35,3
14373.0,35,3
14375.0,35,0
14377.0,35,3
14379.0,35,0
14381.0,35,0
14382.0,35,0
14383.0,35,0
14385.0,35,0
14386.0,35,3
14387.0,35,0
14388.0,35,0
14389.0,35,0
14390.0,35,1
14393.0,35,3
14395.0,35,1
14396.0,35,3
14397.0,35,0
14400.0,35,0
14401.0,35,1
14403.0,35,0
14404.0,35,0
14406.0,35,0
14407.0,35,0
14408.0,35,0
14409.0,35,0
14410.0,35,0
14411.0,35,3
14412.0,35,0
14413.0,35,3
14414.0,35,0
14415.0,35,1
14416.0,35,0
14418.0,35,0
14419.0,35,0
14420.0,35,0
14421.0,35,0
14422.0,35,1
14423.0,35,3
14424.0,35,0
14426.0,35,1
14427.0,35,0
14428.0,35,0
14431.0,35,0
14432.0,35,1
14434.0,35,0
14436.0,35,3
14437.0,35,0
14438.0,35,3
14439.0,15,3
14440.0,35,0
14441.0,35,0
14442.0,6,0
14443.0,35,0
14446.0,35,1
14447.0,35,0
14448.0,35,0
14449.0,35,1
14450.0,35,0
14451.0,35,0
14452.0,35,0
14453.0,35,3
14456.0,35,1
14457.0,35,3
14459.0,35,0
14460.0,35,0
14461.0,35,0
14462.0,35,1
14463.0,35,3
14465.0,35,0
14466.0,35,0
14467.0,35,0
14470.0,35,0
14472.0,35,1
14473.0,35,0
14474.0,35,0
14475.0,35,0
14476.0,35,3
14477.0,35,0
14479.0,35,3
14480.0,35,0
14481.0,35,3
14482.0,35,0
14483.0,35,0
14484.0,35,0
14485.0,35,3
14487.0,35,0
14488.0,35,0
14489.0,35,3
14491.0,35,3
14493.0,35,0
14494.0,35,0
14495.0,35,0
14496.0,35,3
14497.0,35,0
14498.0,35,0
14499.0,35,0
14500.0,35,0
14501.0,35,0
14502.0,35,1
14503.0,35,0
14504.0,35,0
14505.0,35,1
14506.0,35,1
14507.0,35,0
14508.0,35,0
14511.0,35,0
14512.0,35,3
14513.0,35,0
14514.0,35,0
14515.0,35,0
14517.0,35,0
14518.0,35,3
14520.0,35,0
14522.0,35,0
14523.0,35,0
14524.0,35,0
14525.0,35,1
14527.0,35,1
14528.0,35,3
14529.0,35,0
14530.0,35,1
14532.0,35,3
14533.0,35,0
14534.0,35,1
14535.0,35,1
14536.0,35,3
14537.0,35,0
14538.0,35,3
14539.0,35,0
14540.0,35,0
14541.0,35,0
14542.0,35,3
14543.0,35,0
14544.0,35,0
14546.0,35,1
14547.0,35,1
14548.0,35,0
14549.0,35,3
14550.0,35,0
14551.0,35,0
14552.0,35,0
14553.0,35,0
14554.0,35,1
14555.0,35,0
14557.0,35,0
14560.0,35,0
14561.0,35,0
14562.0,35,1
14565.0,35,0
14566.0,6,0
14567.0,35,0
14569.0,35,0
14570.0,35,3
14572.0,35,1
14573.0,35,1
14576.0,35,3
14577.0,35,0
14578.0,35,3
14581.0,35,0
14582.0,35,0
14583.0,35,1
14584.0,35,0
14585.0,35,0
14586.0,35,0
14587.0,35,1
14589.0,35,3
14591.0,35,0
14592.0,35,0
14593.0,35,0
14594.0,35,3
14595.0,35,0
14597.0,35,0
14598.0,35,0
14600.0,35,3
14601.0,35,0
14603.0,35,0
14606.0,35,0
14607.0,35,1
14608.0,35,0
14609.0,35,0
14616.0,35,0
14618.0,35,0
14619.0,35,0
14620.0,35,3
14621.0,35,0
14622.0,35,0
14623.0,35,0
14624.0,35,0
14625.0,35,0
14626.0,35,0
14627.0,35,3
14628.0,35,0
14629.0,35,0
14631.0,35,0
14632.0,35,3
14633.0,35,3
14636.0,35,3
14638.0,35,0
14639.0,35,0
14640.0,35,0
14641.0,35,0
14642.0,35,0
14643.0,35,3
14644.0,35,0
14645.0,35,0
14646.0,23,2
14647.0,35,3
14649.0,35,0
14651.0,35,0
14652.0,35,0
14653.0,35,1
14655.0,35,0
14656.0,35,3
14657.0,35,0
14658.0,35,0
14659.0,35,1
14660.0,35,0
14661.0,35,0
14662.0,35,0
14664.0,35,0
14665.0,35,0
14666.0,35,0
14667.0,35,1
14669.0,35,0
14670.0,35,3
14672.0,35,0
14673.0,35,0
14675.0,35,0
14676.0,35,0
14679.0,35,3
14680.0,35,2
14681.0,35,0
14682.0,35,3
14684.0,35,1
14687.0,35,0
14688.0,35,1
14689.0,35,3
14690.0,35,0
14691.0,35,0
14692.0,35,0
14693.0,35,3
14696.0,35,0
14697.0,35,3
14698.0,35,0
14699.0,35,0
14700.0,35,0
14701.0,35,1
14702.0,35,1
14703.0,35,0
14704.0,35,1
14705.0,35,3
14708.0,35,0
14709.0,35,1
14710.0,35,0
14711.0,35,1
14712.0,35,0
14713.0,35,1
14714.0,35,0
14715.0,35,0
14716.0,35,0
14719.0,35,1
14720.0,35,0
14722.0,35,0
14723.0,35,1
14725.0,35,0
14727.0,35,0
14729.0,35,3
14730.0,35,1
14731.0,35,0
14732.0,35,0
14733.0,35,1
14735.0,35,1
14737.0,35,3
14738.0,35,0
14739.0,35,0
14740.0,35,3
14741.0,35,0
14744.0,35,0
14745.0,35,0
14747.0,35,3
14748.0,35,0
14752.0,35,0
14753.0,35,0
14754.0,35,0
14755.0,35,1
14756.0,35,0
14757.0,35,0
14758.0,35,0
14759.0,35,0
14760.0,35,3
14761.0,35,0
14762.0,35,3
14764.0,35,0
14765.0,35,0
14766.0,35,0
14768.0,35,0
14769.0,35,1
14770.0,35,3
14772.0,35,0
14775.0,35,0
14776.0,35,0
14777.0,35,3
14778.0,35,3
14779.0,35,3
14780.0,35,0
14782.0,35,3
14784.0,35,0
14785.0,35,0
14788.0,35,0
14789.0,35,0
14790.0,35,0
14792.0,35,3
14793.0,35,0
14794.0,35,0
14795.0,35,3
14796.0,35,1
14798.0,35,0
14799.0,35,0
14800.0,35,1
14801.0,35,0
14803.0,35,0
14804.0,35,3
14805.0,35,0
14806.0,35,0
14808.0,35,1
14810.0,35,1
14813.0,35,3
14815.0,35,3
14816.0,35,3
14817.0,35,0
14818.0,35,0
14819.0,35,3
14820.0,35,0
14821.0,35,3
14823.0,35,0
14824.0,35,0
14825.0,35,0
14828.0,35,0
14829.0,35,0
14830.0,35,0
14834.0,35,0
14836.0,35,0
14837.0,35,0
14840.0,35,3
14841.0,35,0
14842.0,35,0
14844.0,35,0
14847.0,35,0
14849.0,35,1
14850.0,35,3
14851.0,35,0
14852.0,35,0
14853.0,35,0
14854.0,35,0
14855.0,35,0
14856.0,35,0
14857.0,35,0
14859.0,35,0
14860.0,35,0
14861.0,35,0
14862.0,35,0
14863.0,35,0
14865.0,35,3
14866.0,35,2
14867.0,35,0
14868.0,35,0
14869.0,35,0
14870.0,35,3
14871.0,35,3
14873.0,35,3
14875.0,35,0
14878.0,35,0
14880.0,35,0
14881.0,35,0
14882.0,35,0
14883.0,35,0
14885.0,35,0
14886.0,35,3
14887.0,35,0
14888.0,35,3
14889.0,35,3
14890.0,35,3
14891.0,35,0
14893.0,35,0
14894.0,35,0
14895.0,35,1
14896.0,35,3
14897.0,35,0
14898.0,35,0
14901.0,35,0
14902.0,35,0
14903.0,35,1
14904.0,35,0
14905.0,35,0
14907.0,35,0
14908.0,35,0
14910.0,35,0
14911.0,10,1
14912.0,18,0
14913.0,35,0
14915.0,35,0
14916.0,35,0
14918.0,35,0
14920.0,35,0
14921.0,35,0
14923.0,35,0
14924.0,35,0
14929.0,35,0
14930.0,6,0
14931.0,6,0
14932.0,6,3
14934.0,6,0
14935.0,6,3
14936.0,6,1
14937.0,6,0
14944.0,35,1
14946.0,35,0
14947.0,35,0
14948.0,35,0
14950.0,35,0
14951.0,35,0
14952.0,35,1
14953.0,35,0
14954.0,35,0
14957.0,35,3
14958.0,35,0
14959.0,35,0
14960.0,35,3
14961.0,35,1
14962.0,35,3
14963.0,35,0
14964.0,35,3
14965.0,35,3
14966.0,35,0
14967.0,35,0
14968.0,35,0
14970.0,35,0
14971.0,35,0
14972.0,35,3
14973.0,35,0
14974.0,35,3
14975.0,35,0
14976.0,35,0
14978.0,35,0
14981.0,35,3
14984.0,35,0
14985.0,35,3
14987.0,35,0
14988.0,35,0
14995.0,35,3
14997.0,35,0
14998.0,35,0
15000.0,35,0
15002.0,35,0
15004.0,35,0
15005.0,35,1
15006.0,35,0
15007.0,35,3
15009.0,35,0
15010.0,35,3
15012.0,35,0
15014.0,35,0
15016.0,35,3
15017.0,35,3
15018.0,35,3
15019.0,35,3
15021.0,35,1
15022.0,35,0
15023.0,35,1
15024.0,35,0
15025.0,35,3
15026.0,35,0
15027.0,35,0
15028.0,35,0
15030.0,35,0
15031.0,35,0
15032.0,35,3
15033.0,35,1
15034.0,35,1
15035.0,35,0
15036.0,35,0
15038.0,35,0
15039.0,35,0
15041.0,35,3
15042.0,35,3
15043.0,35,0
15044.0,35,1
15045.0,35,0
15046.0,35,1
15047.0,35,3
15048.0,35,0
15049.0,35,0
15050.0,35,0
15051.0,35,0
15052.0,35,3
15053.0,35,3
15054.0,35,0
15057.0,35,0
15058.0,35,1
15059.0,35,1
15060.0,35,0
15061.0,35,0
15062.0,35,0
15063.0,35,0
15065.0,35,0
15066.0,35,0
15067.0,35,0
15068.0,35,0
15069.0,35,3
15070.0,35,3
15071.0,35,0
15073.0,35,0
15074.0,35,0
15075.0,35,0
15076.0,35,3
15078.0,35,1
15079.0,35,0
15081.0,35,0
15083.0,35,3
15087.0,35,3
15088.0,35,0
15089.0,35,0
15090.0,35,3
15091.0,35,0
15092.0,35,0
15093.0,35,0
15095.0,35,0
15096.0,35,0
15097.0,35,3
15098.0,35,0
15099.0,35,0
15100.0,35,0
15101.0,35,3
15103.0,35,0
15104.0,35,0
15105.0,35,0
15106.0,35,0
15107.0,35,0
15108.0,11,0
15109.0,35,0
15110.0,35,0
15111.0,35,0
15113.0,35,0
15114.0,35,1
15115.0,35,0
15116.0,35,0
15117.0,35,0
15118.0,35,0
15119.0,35,0
15120.0,35,0
15121.0,35,0
15122.0,35,0
15123.0,35,3
15124.0,35,0
15125.0,35,1
15127.0,35,3
15128.0,35,0
15129.0,35,0
15130.0,35,3
15132.0,35,0
15133.0,35,0
15134.0,35,0
15135.0,35,3
15136.0,35,0
15139.0,35,3
15140.0,35,0
15142.0,35,0
15143.0,35,3
15144.0,35,1
15145.0,35,0
15146.0,35,0
15147.0,35,3
15148.0,35,0
15149.0,35,0
15150.0,35,1
15152.0,35,1
15153.0,35,0
15154.0,35,0
15156.0,35,0
15157.0,35,0
15158.0,35,0
15159.0,35,2
15160.0,35,3
15163.0,35,0
15164.0,35,3
15165.0,35,3
15167.0,35,3
15168.0,35,0
15171.0,35,0
15172.0,35,0
15174.0,35,3
15175.0,35,0
15178.0,35,3
15179.0,35,0
15180.0,35,3
15181.0,35,3
15182.0,35,0
15184.0,35,0
15185.0,35,0
15186.0,35,0
15187.0,35,0
15189.0,35,2
15192.0,35,0
15193.0,35,0
15194.0,35,1
15195.0,35,0
15197.0,35,0
15198.0,35,0
15199.0,35,0
15201.0,35,0
15203.0,35,0
15204.0,35,3
15205.0,35,0
15206.0,35,0
15208.0,35,0
15210.0,35,3
15211.0,35,0
15212.0,35,0
15213.0,35,3
15214.0,35,0
15215.0,35,0
15216.0,35,0
15218.0,35,1
15219.0,35,3
15220.0,35,0
15221.0,35,3
15222.0,35,3
15223.0,35,3
15224.0,35,3
15225.0,35,3
15226.0,35,3
15227.0,35,0
15228.0,35,0
15230.0,35,3
15232.0,35,0
15234.0,35,0
15235.0,35,0
15236.0,35,3
15237.0,35,0
15238.0,35,0
15239.0,35,0
15240.0,35,0
15241.0,35,0
15243.0,35,0
15244.0,35,3
15245.0,35,0
15246.0,35,3
15247.0,35,0
15249.0,35,1
15251.0,35,1
15252.0,35,0
15253.0,35,0
15254.0,35,3
15255.0,35,3
15256.0,35,0
15257.0,35,3
15258.0,35,3
15260.0,35,0
15261.0,35,0
15262.0,35,3
15263.0,35,0
15264.0,35,3
15265.0,35,0
15266.0,35,3
15267.0,35,0
15269.0,35,0
15270.0,35,0
15271.0,35,1
15272.0,35,0
15274.0,35,0
15275.0,35,0
15276.0,35,3
15277.0,35,0
15279.0,35,3
15280.0,35,3
15281.0,35,0
15286.0,35,0
15287.0,35,0
15288.0,35,0
15289.0,35,0
15290.0,35,1
15291.0,35,0
15292.0,35,3
15296.0,35,1
15297.0,35,0
15298.0,35,1
15299.0,35,0
15300.0,35,3
15301.0,35,1
15303.0,35,3
15304.0,35,0
15306.0,35,0
15307.0,35,3
15308.0,35,0
15311.0,35,0
15312.0,35,0
15313.0,35,0
15314.0,35,3
15315.0,35,0
15316.0,35,3
15318.0,35,3
15319.0,35,3
15320.0,35,0
15321.0,35,0
15322.0,35,0
15325.0,35,0
15326.0,35,0
15327.0,35,0
15329.0,35,0
15330.0,35,0
15332.0,21,3
15333.0,35,3
15334.0,35,0
15335.0,35,0
15339.0,35,3
15341.0,35,0
15342.0,35,0
15343.0,35,0
15344.0,35,0
15345.0,35,0
15346.0,35,0
15347.0,35,3
15348.0,35,0
15349.0,35,3
15350.0,35,3
15351.0,35,1
15353.0,35,3
15355.0,35,0
15356.0,35,1
15358.0,35,1
15360.0,35,0
15361.0,35,3
15363.0,35,0
15364.0,35,3
15365.0,35,0
15366.0,35,0
15367.0,35,0
15368.0,35,0
15369.0,35,3
15370.0,35,0
15372.0,35,0
15373.0,35,0
15374.0,35,3
15376.0,35,0
15379.0,35,1
15380.0,35,0
15381.0,35,0
15382.0,35,1
15384.0,35,3
15385.0,35,0
15386.0,35,3
15388.0,5,3
15389.0,35,3
15392.0,35,0
15393.0,35,0
15394.0,35,0
15395.0,35,3
15396.0,35,0
15397.0,35,3
15398.0,35,0
15399.0,35,0
15400.0,35,0
15402.0,35,0
15405.0,35,3
15406.0,35,0
15407.0,35,0
15408.0,35,3
15410.0,35,0
15411.0,35,0
15412.0,35,3
15414.0,35,0
15415.0,35,3
15416.0,35,1
15417.0,35,0
15419.0,35,0
15421.0,35,0
15422.0,35,3
15423.0,35,3
15424.0,35,3
15426.0,35,1
15427.0,35,1
15428.0,35,0
15429.0,35,0
15432.0,35,0
15433.0,35,0
15434.0,35,0
15435.0,35,0
15436.0,35,1
15437.0,35,3
15438.0,35,0
15440.0,35,0
15442.0,35,3
15443.0,35,1
15444.0,35,0
15445.0,35,3
15447.0,35,3
15448.0,35,3
15449.0,35,0
15450.0,35,0
15452.0,35,0
15453.0,35,1
15454.0,35,3
15456.0,35,3
15457.0,35,3
15458.0,35,0
15460.0,35,3
15462.0,35,0
15463.0,35,0
15464.0,35,3
15465.0,35,1
15466.0,35,0
15467.0,35,0
15468.0,35,0
15469.0,35,0
15471.0,35,0
15472.0,35,0
15473.0,35,0
15475.0,35,0
15478.0,35,0
15480.0,22,0
15482.0,35,0
15483.0,35,3
15484.0,35,1
15485.0,35,0
15488.0,35,0
15489.0,35,0
15491.0,35,0
15492.0,35,0
15493.0,35,1
15494.0,35,0
15497.0,35,0
15498.0,35,1
15500.0,35,0
15502.0,35,1
15503.0,35,3
15504.0,35,0
15505.0,35,0
15506.0,35,0
15507.0,35,3
15508.0,35,3
15510.0,35,3
15511.0,35,0
15512.0,35,3
15513.0,35,2
15514.0,35,0
15516.0,35,0
15517.0,35,3
15518.0,35,0
15520.0,35,0
15521.0,35,0
15522.0,35,0
15523.0,35,0
15524.0,35,0
15525.0,35,0
15526.0,35,3
15527.0,35,0
15528.0,35,3
15529.0,35,1
15530.0,35,0
15531.0,35,1
15532.0,35,1
15533.0,35,0
15535.0,35,3
15537.0,35,3
15539.0,35,3
15540.0,35,0
15541.0,35,0
15543.0,35,3
15544.0,35,1
15545.0,35,0
15547.0,35,1
15549.0,35,0
15550.0,35,0
15551.0,35,3
15552.0,35,3
15553.0,35,0
15554.0,35,3
15555.0,35,1
15556.0,35,0
15557.0,35,0
15561.0,35,0
15562.0,35,3
15563.0,35,0
15565.0,35,0
15567.0,35,0
15568.0,35,0
15569.0,35,0
15570.0,35,1
15571.0,35,0
15572.0,35,1
15573.0,35,0
15574.0,35,0
15576.0,35,3
15577.0,35,0
15578.0,35,3
15579.0,35,3
15581.0,35,0
15582.0,35,0
15584.0,35,0
15585.0,35,3
15587.0,35,0
15589.0,35,3
15590.0,35,3
15592.0,35,0
15593.0,35,0
15594.0,35,0
15596.0,35,0
15597.0,35,0
15598.0,35,0
15599.0,35,0
15601.0,35,1
15602.0,35,0
15603.0,35,0
15604.0,35,0
15605.0,35,0
15606.0,35,0
15607.0,35,3
15608.0,35,0
15609.0,35,0
15610.0,35,0
15611.0,35,0
15612.0,35,0
15615.0,35,1
15618.0,35,0
15619.0,35,0
15620.0,35,0
15621.0,35,0
15622.0,35,0
15623.0,35,0
15624.0,35,0
15625.0,35,0
15626.0,35,0
15628.0,35,0
15630.0,35,0
15632.0,35,0
15634.0,35,0
15636.0,35,0
15637.0,35,0
15638.0,35,0
15639.0,35,0
15640.0,35,1
15641.0,35,0
15643.0,35,0
15644.0,35,0
15645.0,35,0
15646.0,35,0
15648.0,35,3
15649.0,35,3
15651.0,35,3
15652.0,35,0
15653.0,35,0
15654.0,35,0
15655.0,35,0
15656.0,35,0
15657.0,35,0
15658.0,35,0
15659.0,35,0
15660.0,35,0
15661.0,35,3
15663.0,35,0
15664.0,35,0
15665.0,35,0
15667.0,35,0
15668.0,35,3
15669.0,35,0
15670.0,35,3
15671.0,35,0
15673.0,35,0
15674.0,35,0
15675.0,35,0
15676.0,35,1
15677.0,35,0
15678.0,35,0
15679.0,35,0
15680.0,35,0
15681.0,35,0
15683.0,35,0
15687.0,35,0
15689.0,35,0
15690.0,35,0
15691.0,35,3
15692.0,35,0
15694.0,35,0
15695.0,35,3
15696.0,35,0
15699.0,35,0
15700.0,35,3
15701.0,35,1
15703.0,35,3
15704.0,35,0
15705.0,35,3
15706.0,35,0
15707.0,35,0
15708.0,35,1
15709.0,35,3
15712.0,35,0
15713.0,35,0
15714.0,35,0
15716.0,35,0
15717.0,35,3
15719.0,35,1
15720.0,35,0
15721.0,35,0
15722.0,35,0
15723.0,35,3
15724.0,35,0
15725.0,35,0
15727.0,35,1
15728.0,35,0
15729.0,35,0
15730.0,35,0
15732.0,35,0
15733.0,35,3
15734.0,35,0
15737.0,35,0
15738.0,35,1
15739.0,35,3
15740.0,35,0
15743.0,35,0
15744.0,35,0
15745.0,35,0
15746.0,35,0
15747.0,35,0
15748.0,35,0
15749.0,35,2
15750.0,35,1
15752.0,35,1
15753.0,35,0
15754.0,35,0
15755.0,35,0
15756.0,35,0
15757.0,35,3
15758.0,35,0
15759.0,35,3
15762.0,35,0
15763.0,35,0
15764.0,35,0
15766.0,35,3
15768.0,35,0
15769.0,35,0
15773.0,35,3
15774.0,35,3
15775.0,35,0
15776.0,35,0
15777.0,35,0
15780.0,35,0
15781.0,35,0
15782.0,35,0
15783.0,35,0
15785.0,35,0
15786.0,35,1
15787.0,35,0
15789.0,35,3
15790.0,35,0
15791.0,35,0
15793.0,35,0
15795.0,35,0
15796.0,35,0
15797.0,35,0
15799.0,35,0
15800.0,35,0
15801.0,35,0
15802.0,35,0
15803.0,35,0
15804.0,35,1
15805.0,35,1
15806.0,35,0
15807.0,35,0
15808.0,35,1
15809.0,35,0
15810.0,35,0
15811.0,35,0
15812.0,35,0
15813.0,35,3
15814.0,35,0
15815.0,35,0
15819.0,35,0
15820.0,35,3
15821.0,35,0
15822.0,35,3
15823.0,35,3
15825.0,35,3
15826.0,35,0
15827.0,35,0
15829.0,35,0
15830.0,35,0
15831.0,35,0
15832.0,35,3
15834.0,35,1
15835.0,35,0
15836.0,35,0
15837.0,35,3
15838.0,35,2
15839.0,35,0
15840.0,35,0
15841.0,35,0
15843.0,35,0
15844.0,35,0
15845.0,35,0
15847.0,35,3
15850.0,35,0
15852.0,35,3
15853.0,35,0
15854.0,35,0
15855.0,35,0
15856.0,35,2
15857.0,35,0
15858.0,35,0
15860.0,35,0
15861.0,35,1
15862.0,35,0
15863.0,35,0
15864.0,35,0
15865.0,35,0
15866.0,35,0
15867.0,35,1
15869.0,35,3
15870.0,35,0
15872.0,35,0
15874.0,35,0
15877.0,35,0
15880.0,35,3
15881.0,35,3
15882.0,35,3
15883.0,35,0
15885.0,35,0
15886.0,35,0
15888.0,35,0
15889.0,35,3
15891.0,35,3
15894.0,35,3
15895.0,35,0
15897.0,35,3
15898.0,35,0
15899.0,35,3
15900.0,35,0
15901.0,35,0
15903.0,35,0
15904.0,35,3
15906.0,35,0
15907.0,35,0
15909.0,35,3
15910.0,35,1
15912.0,35,3
15916.0,35,0
15917.0,35,3
15918.0,35,3
15919.0,35,0
15920.0,35,0
15921.0,35,3
15922.0,35,3
15923.0,35,3
15925.0,35,3
15930.0,35,3
15932.0,35,0
15933.0,35,0
15935.0,35,0
15937.0,35,3
15938.0,35,0
15939.0,35,0
15940.0,35,3
15942.0,35,0
15944.0,35,0
15945.0,35,3
15947.0,35,0
15948.0,35,0
15949.0,35,0
15950.0,35,0
15951.0,35,0
15952.0,35,3
15953.0,35,0
15955.0,35,1
15957.0,35,0
15958.0,35,0
15963.0,35,0
15965.0,35,0
15967.0,35,0
15969.0,35,0
15970.0,35,0
15971.0,35,0
15973.0,35,3
15974.0,35,1
15975.0,35,0
15976.0,35,0
15977.0,35,0
15978.0,35,0
15980.0,35,0
15981.0,35,0
15983.0,35,0
15984.0,35,1
15985.0,35,0
15986.0,35,0
15987.0,35,0
15988.0,35,0
15990.0,35,0
15992.0,35,3
15993.0,35,1
15994.0,35,0
15996.0,35,0
15998.0,35,1
16000.0,35,1
16003.0,35,0
16005.0,35,0
16006.0,35,0
16007.0,35,1
16008.0,35,0
16009.0,35,0
16010.0,35,0
16011.0,35,1
16012.0,35,0
16013.0,35,2
16014.0,35,0
16015.0,35,0
16016.0,35,1
16017.0,35,0
16018.0,35,0
16019.0,35,0
16020.0,35,0
16022.0,35,3
16023.0,35,0
16024.0,35,0
16025.0,35,0
16026.0,35,0
16027.0,35,0
16029.0,35,0
16030.0,35,3
16031.0,35,0
16033.0,35,1
16034.0,35,0
16036.0,35,0
16037.0,35,0
16038.0,35,3
16040.0,35,0
16041.0,35,0
16042.0,35,0
16043.0,35,0
16045.0,35,0
16048.0,35,0
16049.0,35,1
16050.0,35,3
16052.0,35,0
16053.0,35,0
16054.0,35,0
16055.0,35,3
16056.0,35,0
16057.0,35,0
16059.0,35,0
16061.0,35,3
16062.0,35,0
16063.0,35,3
16065.0,35,3
16066.0,35,0
16070.0,35,0
16071.0,35,0
16072.0,35,3
16073.0,35,3
16076.0,35,0
16078.0,35,3
16079.0,35,0
16080.0,35,0
16081.0,35,1
16083.0,35,0
16084.0,35,3
16085.0,35,0
16086.0,35,0
16091.0,35,0
16092.0,35,0
16093.0,35,0
16094.0,35,0
16096.0,35,3
16097.0,35,3
16098.0,35,0
16099.0,35,0
16101.0,35,0
16102.0,35,0
16103.0,35,0
16104.0,35,0
16105.0,35,3
16106.0,35,3
16107.0,35,0
16108.0,35,0
16109.0,35,3
16110.0,35,1
16112.0,35,0
16113.0,35,0
16114.0,35,3
16115.0,35,1
16116.0,35,0
16117.0,35,3
16119.0,35,0
16120.0,35,0
16121.0,35,0
16122.0,35,0
16123.0,35,0
16124.0,35,3
16125.0,35,3
16126.0,35,1
16127.0,35,0
16128.0,35,0
16131.0,35,0
16133.0,35,2
16134.0,35,0
16135.0,35,3
16136.0,35,0
16138.0,35,3
16139.0,35,0
16140.0,35,0
16141.0,35,0
16142.0,35,3
16143.0,35,0
16144.0,35,3
16145.0,35,1
16146.0,35,3
16147.0,35,0
16148.0,35,3
16149.0,35,0
16150.0,35,0
16152.0,35,3
16153.0,35,0
16156.0,35,0
16157.0,35,0
16159.0,35,3
16160.0,35,0
16161.0,35,1
16162.0,35,3
16163.0,35,3
16164.0,35,0
16168.0,35,0
16169.0,35,0
16170.0,35,0
16171.0,35,0
16172.0,35,0
16173.0,35,0
16174.0,35,0
16175.0,35,3
16177.0,35,0
16178.0,35,0
16179.0,35,0
16180.0,35,1
16181.0,35,0
16182.0,35,0
16183.0,35,3
16184.0,35,0
16185.0,35,0
16186.0,35,1
16187.0,35,1
16188.0,35,0
16189.0,35,0
16190.0,35,0
16191.0,35,0
16193.0,35,3
16198.0,35,0
16200.0,35,0
16201.0,35,0
16202.0,35,3
16203.0,35,0
16204.0,35,0
16205.0,35,0
16206.0,35,0
16207.0,35,0
16208.0,35,0
16209.0,35,0
16210.0,35,2
16211.0,35,0
16212.0,35,0
16213.0,35,0
16214.0,35,3
16215.0,35,0
16216.0,35,3
16217.0,35,0
16218.0,35,0
16221.0,35,0
16222.0,35,3
16224.0,35,0
16225.0,35,0
16226.0,35,3
16227.0,35,3
16229.0,35,0
16230.0,35,3
16232.0,35,0
16233.0,35,0
16235.0,35,0
16236.0,35,0
16239.0,35,0
16240.0,35,0
16241.0,35,1
16242.0,35,1
16243.0,35,0
16244.0,35,0
16245.0,35,0
16247.0,35,3
16248.0,35,0
16249.0,35,0
16250.0,35,3
16252.0,35,3
16253.0,35,0
16255.0,35,1
16256.0,35,3
16257.0,35,3
16258.0,35,1
16260.0,35,0
16261.0,35,0
16262.0,35,3
16265.0,35,1
16266.0,35,0
16268.0,35,0
16270.0,35,3
16271.0,35,0
16272.0,35,0
16274.0,35,3
16275.0,35,3
16276.0,35,3
16278.0,35,0
16279.0,35,0
16281.0,35,0
16282.0,35,3
16283.0,35,0
16284.0,35,0
16287.0,35,3
16292.0,35,0
16293.0,35,0
16295.0,35,0
16297.0,35,0
16298.0,35,0
16302.0,35,0
16303.0,35,1
16305.0,35,0
16306.0,35,0
16308.0,35,0
16309.0,35,0
16311.0,35,0
16313.0,35,0
16315.0,35,3
16316.0,35,0
16317.0,35,0
16318.0,35,3
16319.0,35,3
16321.0,0,0
16322.0,35,0
16323.0,35,3
16324.0,35,3
16325.0,35,0
16326.0,35,1
16327.0,35,1
16330.0,35,0
16332.0,35,0
16333.0,35,2
16337.0,35,3
16338.0,35,3
16339.0,35,3
16340.0,35,0
16341.0,35,0
16342.0,35,0
16343.0,35,0
16344.0,35,3
16345.0,35,0
16347.0,35,0
16348.0,35,1
16349.0,35,3
16350.0,35,0
16351.0,35,0
16352.0,35,0
16353.0,35,1
16354.0,35,0
16356.0,35,3
16357.0,35,0
16358.0,35,0
16359.0,35,0
16360.0,35,1
16361.0,35,0
16362.0,35,0
16363.0,35,0
16364.0,35,0
16365.0,35,0
16366.0,35,0
16367.0,35,3
16368.0,35,0
16369.0,35,0
16370.0,35,0
16372.0,35,3
16374.0,35,3
16376.0,35,0
16377.0,35,3
16378.0,35,3
16379.0,35,0
16380.0,35,0
16383.0,35,0
16384.0,35,0
16385.0,35,0
16386.0,35,0
16387.0,35,3
16389.0,35,0
16392.0,35,3
16393.0,35,1
16394.0,35,0
16395.0,35,0
16398.0,35,0
16399.0,35,0
16400.0,35,3
16401.0,35,1
16402.0,35,3
16403.0,35,0
16404.0,35,0
16405.0,35,0
16406.0,35,0
16407.0,35,0
16409.0,35,1
16411.0,35,0
16412.0,35,0
16413.0,35,0
16414.0,35,0
16415.0,35,0
16416.0,35,0
16418.0,35,0
16419.0,35,0
16422.0,35,2
16423.0,35,0
16424.0,35,3
16425.0,35,0
16426.0,35,1
16427.0,35,3
16428.0,35,0
16429.0,35,0
16430.0,35,0
16431.0,35,0
16432.0,35,3
16433.0,35,0
16434.0,35,0
16438.0,35,0
16440.0,35,1
16441.0,35,3
16442.0,35,0
16444.0,35,0
16445.0,35,3
16446.0,35,0
16447.0,35,0
16448.0,35,3
16449.0,35,3
16450.0,35,0
16451.0,35,0
16454.0,35,0
16455.0,35,0
16456.0,35,0
16457.0,35,3
16458.0,35,1
16460.0,35,0
16461.0,35,3
16462.0,35,0
16463.0,35,0
16464.0,35,1
16466.0,35,0
16468.0,35,0
16469.0,35,0
16470.0,35,0
16471.0,35,0
16473.0,35,3
16474.0,35,1
16475.0,35,0
16477.0,35,0
16478.0,35,0
16479.0,35,0
16480.0,35,0
16482.0,35,0
16483.0,35,3
16484.0,35,3
16485.0,35,0
16488.0,35,0
16491.0,35,0
16493.0,35,0
16494.0,35,3
16495.0,35,0
16496.0,35,3
16497.0,35,0
16498.0,35,3
16499.0,35,3
16500.0,35,0
16503.0,35,0
16504.0,35,0
16505.0,35,0
16506.0,35,0
16509.0,35,3
16510.0,35,3
16511.0,35,0
16513.0,35,0
16515.0,35,0
16516.0,35,0
16517.0,35,3
16518.0,35,0
16519.0,35,0
16520.0,35,3
16523.0,35,1
16525.0,35,1
16526.0,35,3
16527.0,35,0
16528.0,35,3
16529.0,35,3
16531.0,35,0
16532.0,35,0
16533.0,35,0
16535.0,35,3
16536.0,35,0
16539.0,35,0
16542.0,35,0
16545.0,35,3
16546.0,35,3
16549.0,35,1
16550.0,35,1
16551.0,35,0
16552.0,35,0
16553.0,35,0
16554.0,35,0
16555.0,35,0
16556.0,35,1
16557.0,35,0
16558.0,35,1
16560.0,35,0
16561.0,35,0
16563.0,35,0
16565.0,35,3
16566.0,35,0
16567.0,35,0
16569.0,35,3
16570.0,35,0
16571.0,35,0
16572.0,35,0
16573.0,35,0
16574.0,35,0
16579.0,35,3
16581.0,35,0
16582.0,35,0
16583.0,35,3
16584.0,35,0
16586.0,35,3
16587.0,35,3
16589.0,35,0
16591.0,35,3
16592.0,35,1
16593.0,35,0
16594.0,35,0
16595.0,35,0
16596.0,35,0
16597.0,35,3
16598.0,35,3
16600.0,35,0
16601.0,35,0
16602.0,35,0
16603.0,35,0
16607.0,35,0
16609.0,35,1
16610.0,35,3
16611.0,35,3
16612.0,35,0
16613.0,35,0
16614.0,35,0
16616.0,35,0
16617.0,35,3
16618.0,35,0
16619.0,35,3
16620.0,35,3
16621.0,35,0
16623.0,35,0
16624.0,35,0
16625.0,35,0
16626.0,35,1
16627.0,35,0
16628.0,35,0
16629.0,35,0
16633.0,35,0
16634.0,35,3
16637.0,35,0
16638.0,35,0
16639.0,35,0
16641.0,35,0
16642.0,35,3
16643.0,35,0
16644.0,35,0
16647.0,35,3
16648.0,35,0
16650.0,35,0
16652.0,35,1
16653.0,35,0
16654.0,35,0
16655.0,35,1
16656.0,35,1
16657.0,35,0
16658.0,35,3
16659.0,35,3
16660.0,35,0
16665.0,35,3
16666.0,35,0
16667.0,35,3
16668.0,35,0
16669.0,35,0
16670.0,35,1
16671.0,35,0
16672.0,35,1
16674.0,35,0
16676.0,35,0
16678.0,35,0
16679.0,35,3
16680.0,35,0
16681.0,35,0
16682.0,35,0
16684.0,35,0
16685.0,35,0
16686.0,35,1
16688.0,35,0
16689.0,35,0
16690.0,35,0
16692.0,35,3
16693.0,35,3
16696.0,35,0
16697.0,35,0
16698.0,35,3
16700.0,35,1
16701.0,35,1
16705.0,35,2
16706.0,35,0
16708.0,35,0
16709.0,35,0
16710.0,35,1
16711.0,35,0
16712.0,35,1
16713.0,35,1
16714.0,35,3
16715.0,35,0
16716.0,35,0
16717.0,35,0
16718.0,35,3
16719.0,35,0
16720.0,35,0
16721.0,35,3
16722.0,35,1
16723.0,35,0
16725.0,35,0
16726.0,35,0
16727.0,35,3
16728.0,35,1
16729.0,35,1
16730.0,35,0
16732.0,35,0
16734.0,35,0
16735.0,35,0
16737.0,35,0
16738.0,35,3
16739.0,35,3
16742.0,35,0
16743.0,35,0
16744.0,35,1
16745.0,35,1
16746.0,35,1
16747.0,35,0
16748.0,35,0
16750.0,35,0
16751.0,35,0
16752.0,35,3
16753.0,35,0
16754.0,35,3
16755.0,35,0
16756.0,35,0
16757.0,35,3
16758.0,35,3
16759.0,35,0
16761.0,35,3
16762.0,35,0
16763.0,35,0
16764.0,35,1
16765.0,35,3
16766.0,35,0
16767.0,35,1
16768.0,35,0
16769.0,35,3
16770.0,35,0
16771.0,35,1
16773.0,35,0
16774.0,35,0
16775.0,35,0
16776.0,35,0
16777.0,35,0
16778.0,35,0
16779.0,35,1
16780.0,35,0
16781.0,35,3
16782.0,35,0
16784.0,35,0
16788.0,35,0
16789.0,35,3
16790.0,35,0
16791.0,35,1
16792.0,35,3
16793.0,35,0
16794.0,35,1
16795.0,35,3
16796.0,35,0
16800.0,35,0
16801.0,35,0
16803.0,35,3
16804.0,35,0
16805.0,35,3
16806.0,35,0
16807.0,35,0
16808.0,35,0
16809.0,35,0
16810.0,35,3
16811.0,35,0
16812.0,35,3
16813.0,35,1
16814.0,35,1
16816.0,35,0
16817.0,35,0
16818.0,35,1
16820.0,35,3
16823.0,35,3
16824.0,35,0
16825.0,35,0
16826.0,35,0
16828.0,35,0
16829.0,35,3
16830.0,35,3
16832.0,35,0
16833.0,35,0
16834.0,35,3
16835.0,35,3
16836.0,35,0
16837.0,35,0
16838.0,35,3
16839.0,35,2
16841.0,35,0
16842.0,35,0
16843.0,35,1
16846.0,35,0
16847.0,35,0
16848.0,35,0
16849.0,35,3
16850.0,35,0
16851.0,35,0
16852.0,35,0
16855.0,35,0
16856.0,35,0
16858.0,35,3
16859.0,35,0
16861.0,35,0
16863.0,35,0
16866.0,35,0
16869.0,35,0
16871.0,35,0
16872.0,35,0
16873.0,35,1
16875.0,35,0
16877.0,35,0
16878.0,35,0
16880.0,35,0
16881.0,35,3
16882.0,35,3
16883.0,35,3
16884.0,35,3
16885.0,35,0
16887.0,35,3
16889.0,35,0
16891.0,35,0
16892.0,35,0
16893.0,35,3
16895.0,35,3
16897.0,35,3
16898.0,35,0
16899.0,35,0
16900.0,35,0
16902.0,35,0
16903.0,35,0
16904.0,35,1
16905.0,35,1
16906.0,35,0
16907.0,35,0
16909.0,35,0
16910.0,35,1
16912.0,35,0
16913.0,35,3
16914.0,35,3
16915.0,35,0
16916.0,35,0
16917.0,35,0
16918.0,35,0
16919.0,35,1
16921.0,35,0
16923.0,35,1
16924.0,35,0
16926.0,35,3
16927.0,35,0
16928.0,35,1
16929.0,35,0
16930.0,35,0
16931.0,35,1
16932.0,35,0
16933.0,35,0
16934.0,35,0
16936.0,35,0
16938.0,35,1
16940.0,35,1
16942.0,35,1
16943.0,35,0
16945.0,35,1
16947.0,35,3
16948.0,35,0
16949.0,35,0
16950.0,35,0
16951.0,35,0
16952.0,35,0
16953.0,35,0
16954.0,35,0
16955.0,35,0
16956.0,35,0
16957.0,35,3
16959.0,35,0
16960.0,35,0
16961.0,35,0
16963.0,35,3
16965.0,35,3
16966.0,35,0
16967.0,35,3
16968.0,35,0
16969.0,35,0
16971.0,35,0
16976.0,35,3
16978.0,35,0
16979.0,35,0
16980.0,35,3
16982.0,35,0
16983.0,35,0
16984.0,35,1
16985.0,35,0
16986.0,35,0
16987.0,35,0
16988.0,35,3
16989.0,35,0
16990.0,35,3
16992.0,35,0
16995.0,35,3
16996.0,35,0
16997.0,35,3
16998.0,35,0
16999.0,35,0
17001.0,35,1
17002.0,35,0
17004.0,35,0
17006.0,35,0
17007.0,35,0
17010.0,35,0
17011.0,35,0
17014.0,35,0
17015.0,35,0
17017.0,35,1
17018.0,35,0
17019.0,35,1
17022.0,35,0
17024.0,35,0
17025.0,35,0
17026.0,35,3
17027.0,35,0
17029.0,35,0
17030.0,35,0
17031.0,35,0
17033.0,35,0
17034.0,35,0
17035.0,35,0
17037.0,35,0
17038.0,35,0
17040.0,35,0
17041.0,35,0
17042.0,35,0
17043.0,35,0
17044.0,35,0
17045.0,35,0
17046.0,35,3
17047.0,35,0
17048.0,35,0
17049.0,35,1
17050.0,35,1
17051.0,35,3
17052.0,35,0
17053.0,35,3
17054.0,35,0
17058.0,35,0
17059.0,35,1
17060.0,35,3
17061.0,35,0
17062.0,35,3
17063.0,35,0
17064.0,35,0
17065.0,35,0
17068.0,35,1
17069.0,35,0
17070.0,35,0
17071.0,35,0
17073.0,35,0
17075.0,35,0
17076.0,35,0
17078.0,35,3
17079.0,35,0
17080.0,35,0
17081.0,35,0
17082.0,35,3
17083.0,35,0
17084.0,35,3
17085.0,35,0
17086.0,35,0
17088.0,35,0
17090.0,35,0
17091.0,35,1
17092.0,35,0
17094.0,35,3
17095.0,35,0
17096.0,35,0
17097.0,30,0
17100.0,35,0
17101.0,35,0
17102.0,35,3
17105.0,35,3
17107.0,35,1
17109.0,35,0
17110.0,35,3
17111.0,35,0
17114.0,35,0
17115.0,35,0
17117.0,35,3
17118.0,35,3
17119.0,35,0
17120.0,35,3
17122.0,35,0
17123.0,35,3
17124.0,35,0
17125.0,35,0
17126.0,35,1
17128.0,35,0
17131.0,35,0
17133.0,35,0
17134.0,35,0
17135.0,35,0
17138.0,35,0
17139.0,35,1
17140.0,35,3
17142.0,35,3
17144.0,35,0
17146.0,35,0
17147.0,35,0
17148.0,35,0
17152.0,35,3
17153.0,35,0
17154.0,35,0
17155.0,35,0
17157.0,35,3
17158.0,35,0
17159.0,35,0
17160.0,35,1
17162.0,35,0
17163.0,35,0
17164.0,35,0
17165.0,35,3
17166.0,35,3
17169.0,35,0
17171.0,35,3
17172.0,35,0
17173.0,35,0
17174.0,35,3
17175.0,35,0
17176.0,35,3
17179.0,35,3
17180.0,35,0
17181.0,35,0
17183.0,35,0
17186.0,35,0
17187.0,35,3
17188.0,35,0
17189.0,35,0
17190.0,35,0
17191.0,35,1
17193.0,35,0
17194.0,35,0
17197.0,35,0
17198.0,35,0
17201.0,35,0
17203.0,35,0
17204.0,35,0
17205.0,35,0
17206.0,35,0
17211.0,35,1
17212.0,35,3
17213.0,35,0
17214.0,35,0
17217.0,35,3
17218.0,35,1
17219.0,35,0
17220.0,35,1
17221.0,35,3
17222.0,35,3
17223.0,35,3
17226.0,35,3
17227.0,35,0
17228.0,35,0
17229.0,35,0
17230.0,35,0
17231.0,35,1
17232.0,35,0
17233.0,35,3
17234.0,35,0
17235.0,35,0
17236.0,35,0
17237.0,35,0
17238.0,35,1
17239.0,35,3
17242.0,35,0
17243.0,35,1
17244.0,35,0
17245.0,35,3
17247.0,35,0
17248.0,35,0
17250.0,35,3
17251.0,35,3
17252.0,35,0
17253.0,35,0
17254.0,35,0
17255.0,35,0
17256.0,35,0
17259.0,35,0
17262.0,35,0
17263.0,35,3
17265.0,35,0
17266.0,35,0
17267.0,35,3
17268.0,35,0
17272.0,35,0
17274.0,35,3
17277.0,35,3
17278.0,35,0
17279.0,35,0
17282.0,35,0
17284.0,35,1
17286.0,35,0
17287.0,35,0
17288.0,35,0
17289.0,35,0
17290.0,35,0
17291.0,35,3
17293.0,35,0
17295.0,35,0
17297.0,35,0
17298.0,35,0
17299.0,35,0
17301.0,35,0
17302.0,35,0
17303.0,35,3
17306.0,35,1
17307.0,35,3
17309.0,35,3
17311.0,35,0
17312.0,35,0
17313.0,35,0
17314.0,35,0
17315.0,35,1
17317.0,35,0
17320.0,35,0
17321.0,35,3
17323.0,35,0
17324.0,35,0
17325.0,35,3
17329.0,35,0
17330.0,35,0
17331.0,35,0
17333.0,35,0
17334.0,35,0
17337.0,35,1
17338.0,35,1
17339.0,35,3
17340.0,35,1
17341.0,35,3
17343.0,35,3
17344.0,35,0
17345.0,35,0
17346.0,35,1
17347.0,35,0
17348.0,35,0
17349.0,35,3
17350.0,35,0
17351.0,35,0
17353.0,35,0
17354.0,35,0
17356.0,35,3
17357.0,35,0
17358.0,35,0
17359.0,35,0
17360.0,35,0
17361.0,35,0
17362.0,35,3
17364.0,35,1
17365.0,35,1
17367.0,35,3
17368.0,35,0
17370.0,35,0
17371.0,35,0
17372.0,35,1
17373.0,35,0
17374.0,35,3
17375.0,35,3
17376.0,35,0
17377.0,35,1
17379.0,35,0
17381.0,35,2
17382.0,35,3
17383.0,35,3
17384.0,35,0
17385.0,35,0
17386.0,35,0
17387.0,35,0
17388.0,35,0
17389.0,35,2
17391.0,35,3
17392.0,35,3
17394.0,35,3
17396.0,35,0
17397.0,35,0
17398.0,35,0
17400.0,35,3
17402.0,35,0
17403.0,35,3
17404.0,31,2
17405.0,35,0
17406.0,35,0
17408.0,35,3
17409.0,35,0
17410.0,35,0
17411.0,35,0
17412.0,35,0
17414.0,35,0
17415.0,35,0
17416.0,35,1
17418.0,35,0
17419.0,35,1
17420.0,35,0
17422.0,35,0
17423.0,35,0
17425.0,35,0
17426.0,35,1
17427.0,35,0
17428.0,35,2
17429.0,35,0
17430.0,35,0
17431.0,35,3
17432.0,35,0
17433.0,35,0
17434.0,35,0
17436.0,35,0
17438.0,35,3
17440.0,35,0
17442.0,35,0
17443.0,5,3
17444.0,5,0
17446.0,35,3
17447.0,35,0
17448.0,35,3
17449.0,35,1
17450.0,35,2
17451.0,35,0
17453.0,35,0
17454.0,35,3
17455.0,35,3
17456.0,35,3
17457.0,35,3
17458.0,35,0
17459.0,35,0
17460.0,35,0
17461.0,35,0
17462.0,35,0
17463.0,35,0
17464.0,35,3
17466.0,35,0
17468.0,35,0
17469.0,35,0
17470.0,35,0
17472.0,35,3
17475.0,35,0
17480.0,35,0
17481.0,35,0
17483.0,35,0
17486.0,35,3
17489.0,35,0
17490.0,35,0
17491.0,35,0
17492.0,35,3
17495.0,35,3
17496.0,35,3
17498.0,35,0
17499.0,35,3
17500.0,35,0
17501.0,35,3
17502.0,35,0
17503.0,35,0
17504.0,35,0
17505.0,35,3
17506.0,35,0
17507.0,35,3
17508.0,15,3
17509.0,35,1
17510.0,35,0
17511.0,35,0
17512.0,35,0
17513.0,35,0
17514.0,35,3
17515.0,35,0
17516.0,35,0
17517.0,35,3
17519.0,35,0
17520.0,35,0
17521.0,35,0
17522.0,35,0
17523.0,35,0
17524.0,35,3
17525.0,35,3
17526.0,35,0
17527.0,35,0
17528.0,35,1
17530.0,35,1
17531.0,35,0
17534.0,35,0
17535.0,35,3
17536.0,35,3
17537.0,35,0
17538.0,35,0
17540.0,35,0
17542.0,35,3
17545.0,35,0
17547.0,35,3
17548.0,35,3
17549.0,35,0
17550.0,35,0
17551.0,35,3
17552.0,35,0
17553.0,35,3
17554.0,35,0
17555.0,35,0
17556.0,35,3
17557.0,35,0
17560.0,35,0
17561.0,35,0
17562.0,35,0
17564.0,35,0
17566.0,35,0
17567.0,35,0
17569.0,35,0
17571.0,35,1
17572.0,35,0
17573.0,35,0
17574.0,35,0
17576.0,35,1
17578.0,35,3
17579.0,35,0
17580.0,35,3
17581.0,35,1
17582.0,35,3
17584.0,35,0
17585.0,35,0
17588.0,35,0
17589.0,35,1
17590.0,35,0
17591.0,35,0
17593.0,35,1
17594.0,35,0
17595.0,35,0
17596.0,35,1
17597.0,35,0
17600.0,35,0
17601.0,35,3
17602.0,35,1
17603.0,35,0
17604.0,35,3
17608.0,35,3
17609.0,35,0
17611.0,35,1
17612.0,35,0
17613.0,35,1
17614.0,35,0
17615.0,35,3
17616.0,35,3
17618.0,35,3
17619.0,35,3
17620.0,35,0
17621.0,35,0
17623.0,35,0
17624.0,35,0
17625.0,35,1
17628.0,35,0
17629.0,35,0
17630.0,35,3
17631.0,35,0
17633.0,35,0
17634.0,35,1
17636.0,35,0
17637.0,35,0
17639.0,35,0
17640.0,35,0
17642.0,35,0
17643.0,35,3
17644.0,35,0
17646.0,35,3
17647.0,35,3
17648.0,35,0
17649.0,35,0
17650.0,35,0
17651.0,35,1
17652.0,35,1
17653.0,35,0
17654.0,35,3
17655.0,35,0
17656.0,35,0
17658.0,35,0
17659.0,35,0
17660.0,35,0
17663.0,35,0
17664.0,35,0
17666.0,35,3
17667.0,35,0
17668.0,35,0
17669.0,35,0
17670.0,35,3
17671.0,35,0
17672.0,35,0
17673.0,35,0
17674.0,35,0
17675.0,35,2
17676.0,35,0
17677.0,35,2
17678.0,35,3
17679.0,35,0
17680.0,35,0
17682.0,35,0
17684.0,35,0
17685.0,35,0
17686.0,35,1
17690.0,35,1
17691.0,35,3
17692.0,35,0
17693.0,35,0
17694.0,35,0
17695.0,35,0
17696.0,35,0
17697.0,35,3
17698.0,35,3
17700.0,35,0
17701.0,35,3
17702.0,35,0
17703.0,35,0
17704.0,35,3
17705.0,35,0
17706.0,35,1
17707.0,35,3
17708.0,35,3
17709.0,35,3
17711.0,35,0
17712.0,35,0
17714.0,35,3
17715.0,35,3
17716.0,35,1
17718.0,35,3
17719.0,35,1
17720.0,35,0
17722.0,35,3
17723.0,35,0
17724.0,35,0
17725.0,35,1
17727.0,35,0
17728.0,35,0
17730.0,35,1
17731.0,35,0
17732.0,35,3
17733.0,35,3
17734.0,35,0
17735.0,35,2
17736.0,35,0
17737.0,35,0
17738.0,35,0
17739.0,35,0
17742.0,35,0
17744.0,35,0
17746.0,35,3
17747.0,35,0
17749.0,35,3
17750.0,35,0
17752.0,35,3
17754.0,35,0
17757.0,35,1
17758.0,35,1
17759.0,35,0
17760.0,35,0
17761.0,35,0
17763.0,35,3
17764.0,35,0
17765.0,35,3
17767.0,35,0
17768.0,35,0
17769.0,35,1
17770.0,35,0
17771.0,35,0
17772.0,35,0
17774.0,35,0
17775.0,35,3
17777.0,35,0
17779.0,35,0
17781.0,35,3
17783.0,35,0
17785.0,35,0
17786.0,35,0
17787.0,35,0
17788.0,35,0
17789.0,35,3
17790.0,35,0
17791.0,35,0
17793.0,35,0
17795.0,35,3
17796.0,35,0
17797.0,35,0
17799.0,35,1
17800.0,35,0
17802.0,35,0
17805.0,35,0
17806.0,35,0
17809.0,35,0
17811.0,35,1
17812.0,35,0
17813.0,35,1
17816.0,35,3
17817.0,35,0
17819.0,35,0
17820.0,35,3
17824.0,35,0
17827.0,35,1
17828.0,22,0
17829.0,34,3
17830.0,35,0
17831.0,35,3
17832.0,35,0
17835.0,35,0
17836.0,35,0
17837.0,35,0
17838.0,35,0
17839.0,35,0
17841.0,35,1
17843.0,35,0
17844.0,5,0
17846.0,35,0
17848.0,35,0
17849.0,35,0
17850.0,35,1
17852.0,35,0
17854.0,35,3
17855.0,35,3
17856.0,35,0
17857.0,35,2
17858.0,35,1
17859.0,35,0
17860.0,35,3
17861.0,35,1
17862.0,35,3
17863.0,35,0
17864.0,35,0
17865.0,35,1
17866.0,35,0
17867.0,35,0
17869.0,35,0
17870.0,35,1
17871.0,35,3
17873.0,35,0
17874.0,35,0
17877.0,35,3
17878.0,35,0
17879.0,35,3
17880.0,35,3
17881.0,35,0
17883.0,35,0
17884.0,35,3
17885.0,35,0
17886.0,35,0
17887.0,35,3
17888.0,35,0
17889.0,35,0
17890.0,35,3
17891.0,35,3
17892.0,35,0
17893.0,35,3
17894.0,35,0
17895.0,35,0
17896.0,35,0
17897.0,35,3
17898.0,35,0
17899.0,35,3
17900.0,35,3
17901.0,35,0
17904.0,35,0
17905.0,35,0
17906.0,35,3
17908.0,35,3
17911.0,35,0
17912.0,35,3
17913.0,35,0
17914.0,35,3
17917.0,35,0
17919.0,35,0
17920.0,35,1
17921.0,35,0
17923.0,35,3
17924.0,35,0
17925.0,35,3
17926.0,35,0
17928.0,35,0
17929.0,35,0
17930.0,35,0
17931.0,35,0
17932.0,35,0
17934.0,35,0
17935.0,35,0
17936.0,35,3
17937.0,35,0
17939.0,35,3
17940.0,35,0
17941.0,35,3
17942.0,35,3
17946.0,35,3
17947.0,35,3
17948.0,35,0
17949.0,35,0
17950.0,35,0
17951.0,35,0
17954.0,35,1
17955.0,35,3
17956.0,35,3
17957.0,35,3
17958.0,35,0
17960.0,35,3
17961.0,35,1
17962.0,35,0
17964.0,35,0
17965.0,35,1
17966.0,35,0
17967.0,35,3
17968.0,35,3
17969.0,35,3
17970.0,35,0
17972.0,35,0
17973.0,35,0
17974.0,35,0
17975.0,35,1
17976.0,35,3
17977.0,35,0
17978.0,35,3
17979.0,35,0
17980.0,35,3
17984.0,35,0
17985.0,35,0
17986.0,35,0
17987.0,35,3
17988.0,35,0
17990.0,35,3
17991.0,35,3
17994.0,35,0
17995.0,35,3
17997.0,35,0
17999.0,35,3
18001.0,35,0
18004.0,35,3
18005.0,35,0
18006.0,35,0
18008.0,35,0
18009.0,35,3
18010.0,35,3
18011.0,35,3
18013.0,35,0
18014.0,35,0
18015.0,35,3
18016.0,35,0
18017.0,35,0
18018.0,35,0
18019.0,35,0
18022.0,35,3
18024.0,35,0
18027.0,35,3
18030.0,35,0
18032.0,35,0
18033.0,35,3
18034.0,35,0
18035.0,35,0
18036.0,35,0
18037.0,35,0
18040.0,35,0
18041.0,35,1
18042.0,35,0
18043.0,35,0
18044.0,35,0
18045.0,35,0
18048.0,35,3
18050.0,35,3
18053.0,35,0
18055.0,35,1
18056.0,35,3
18058.0,35,0
18059.0,35,0
18061.0,35,0
18062.0,35,3
18064.0,35,0
18065.0,35,0
18066.0,35,0
18067.0,35,0
18068.0,35,3
18069.0,35,1
18071.0,35,3
18072.0,35,3
18073.0,35,0
18074.0,35,3
18075.0,35,0
18077.0,35,1
18078.0,35,3
18079.0,35,0
18080.0,35,0
18081.0,35,0
18082.0,35,0
18084.0,35,0
18085.0,35,3
18086.0,35,0
18087.0,35,0
18088.0,35,0
18092.0,35,1
18093.0,35,0
18094.0,35,0
18095.0,35,0
18096.0,35,0
18097.0,35,0
18099.0,35,3
18101.0,35,0
18102.0,35,2
18104.0,35,3
18105.0,35,3
18106.0,35,3
18108.0,35,3
18109.0,35,1
18110.0,35,0
18112.0,35,0
18113.0,35,3
18114.0,35,3
18116.0,35,1
18117.0,35,0
18118.0,35,1
18119.0,35,3
18120.0,35,0
18121.0,35,0
18122.0,35,1
18123.0,35,0
18125.0,35,0
18126.0,35,0
18127.0,35,0
18129.0,35,0
18130.0,35,0
18133.0,35,0
18135.0,35,0
18136.0,35,0
18138.0,35,3
18139.0,35,1
18141.0,35,3
18142.0,35,0
18143.0,35,0
18144.0,35,0
18145.0,35,1
18146.0,35,0
18147.0,35,0
18149.0,35,0
18150.0,35,0
18151.0,35,0
18154.0,35,0
18155.0,35,0
18156.0,35,0
18158.0,35,0
18159.0,35,0
18160.0,35,0
18161.0,35,0
18164.0,35,0
18165.0,35,3
18167.0,35,0
18168.0,35,0
18169.0,35,0
18170.0,35,0
18171.0,35,0
18172.0,35,1
18173.0,35,0
18174.0,35,3
18176.0,35,3
18177.0,35,0
18178.0,35,0
18179.0,35,0
18180.0,35,0
18181.0,35,0
18183.0,35,0
18184.0,35,0
18185.0,35,3
18188.0,35,0
18189.0,35,0
18190.0,35,3
18191.0,35,3
18192.0,35,0
18193.0,35,0
18194.0,35,0
18196.0,35,3
18198.0,35,1
18200.0,35,0
18202.0,35,3
18203.0,35,3
18204.0,35,0
18205.0,35,0
18209.0,35,0
18210.0,35,0
18211.0,35,0
18212.0,35,3
18213.0,35,3
18215.0,35,0
18216.0,35,0
18217.0,35,0
18218.0,35,0
18219.0,35,0
18220.0,35,3
18221.0,35,0
18222.0,35,0
18223.0,35,1
18224.0,35,3
18225.0,35,1
18226.0,35,1
18227.0,35,3
18228.0,35,0
18229.0,35,1
18230.0,35,0
18231.0,35,3
18232.0,35,0
18233.0,35,3
18235.0,35,0
18236.0,35,0
18237.0,35,0
18239.0,35,3
18240.0,35,0
18241.0,35,0
18242.0,35,0
18245.0,35,0
18246.0,35,0
18248.0,35,0
18249.0,35,0
18250.0,35,0
18251.0,35,0
18252.0,35,0
18255.0,35,0
18256.0,35,3
18257.0,35,0
18259.0,35,0
18260.0,35,0
18261.0,35,0
18262.0,35,0
18263.0,35,0
18265.0,35,0
18268.0,35,0
18269.0,35,3
18270.0,35,3
18272.0,35,0
18273.0,35,0
18274.0,35,0
18276.0,35,0
18277.0,35,0
18278.0,35,0
18280.0,35,3
18281.0,35,0
18282.0,35,0
18283.0,35,1
18287.0,35,0
